0,1,2,3,4,5,6,7,8,9,10,11,12,13,14,15,16,17,18,19,label
1.713347620927654,0.025877163898933637,0.6877092648390406,1.0298627189281726,-0.5822606386417112,1.5501728530147527,-0.36746022082862684,0.8857661316492337,0.37247449098929714,-0.2504709507684637,-1.261013397606939,-1.5935496080531095,-1.6091656570449226,1.4985366136679088,-1.571013079993747,0.8987057572794976,0.9753481285933716,-0.9908456743274823,-1.5381465082477437,-1.5610400666845112,0
-0.4390312821379336,-0.4219396395298239,-0.6108488120843735,-0.26351027298838264,-1.311382782163976,0.4895149823501298,-0.026545248318648445,-1.3919131753761886,-0.9461015106372073,-1.070021099234699,0.12662396320752856,-0.6620121353341968,-0.17013576837047115,-1.3676671063139858,-0.6767756323221744,0.3707681906263449,0.7497747922320026,-0.9830079416359047,-0.7235624665812063,0.6095807219836139,0
-1.1861554523244995,0.08029951372564317,0.4033741523085048,-0.15295119482652253,-1.1087144133839617,-1.0743331422527023,-1.874465717058778,0.7214781528673821,0.773873173941083,-0.8228365741979325,-1.9227526344075148,0.9447146468554585,-0.5760225663019332,-1.2795207211399653,-0.8997606696490426,-0.6769296665739306,-0.04999457076336689,-2.81464745731689,0.8268340483112366,-0.14458073168847468,1
0.47141920101867507,0.6162551212803239,-0.00629290322598396,-0.5319760319396005,-1.2533826846573919,-1.0892570954755785,-0.1783233945235683,0.4165252767391709,-0.8816312840496314,-1.3975789183983247,-1.7136971247209274,0.867565266838781,0.15536934715021888,-0.7255342721115622,1.0478858296320162,-1.5297826314401748,-1.1401905990916559,-0.7317231591404773,0.7031121366198999,0.21536943944949735,1
0.26852763830011384,-0.6845474032070978,1.250315817445433,-0.228877426288682,0.3745368065535126,0.9672436606795877,0.7754932442792571,-0.5094704250246006,0.8042541600801161,1.2219978804744194,-1.7330787828345646,-0.7734344647734719,-0.4563674548280215,0.4867113834709828,0.8332209277318713,1.0879038287402718,0.04665962969605525,0.2829961797950122,-0.6289206750341384,1.3778592892270656,0
-3.434836555496204,-0.6316827936557913,0.6805765466598693,1.1436676996377944,3.1792582629326076,1.0526498533302393,1.0531973421284646,0.47677140166359766,-0.49074603256496446,1.5318481509037052,0.4742039481324457,-0.8093644398261088,0.6024183699466379,-0.1702223502070957,-0.8978838059681447,0.3320915763081215,-1.649723124944019,0.9471937431294069,-0.6359809110745784,-0.4098581517501337,0
-0.26622670204372884,-0.10332700141357554,1.590221075302387,-1.03027832854119,-0.08048168041734594,-1.715612395045016,0.31833928479569823,0.9563824848749699,0.22714414760763668,-3.241130167909788,-1.081276421646487,1.1997932077844586,-0.13514945364881775,0.005236848594981479,0.6687593412024923,2.3658863712954474,1.6018283050084892,-0.681253791712613,0.8578223871485215,1.0541170154189028,1
0.4270112644585414,-0.7828434798142997,2.2551337731224774,0.004304391883279066,-0.6330505508210146,-0.963227666502634,-0.1171534788747139,-0.5919779959877831,0.6453518157441512,0.8605133970970229,-1.3552489323785828,1.1031399232447685,0.49598548957907374,-0.7524228766771788,0.1730527259876063,-1.3112112013518455,0.4183245966538058,-1.5416239615376288,1.1249419068247608,0.4215723768820474,1
-1.1124226078378083,-1.419715061660785,0.1062396949114502,-0.13166703927425977,-0.7360119535990092,-0.8588410672954311,0.469008562543829,-0.4955574691884619,0.29181403308159665,0.3958359449538269,0.1742051719166022,0.9240690736672981,0.7896344339261053,-0.8746117626033031,0.8676834512131363,1.6888117791321928,-0.44864024094977506,-0.12409642443021296,0.913880250693432,0.15811312680391096,1
-1.3374099038002019,-0.5051448206864877,0.10938290032720008,-1.0966847499663255,0.5782890065097785,1.780275142772025,0.8918867288281472,-2.6346200302467717,-1.0459006034425897,-1.3495125823075516,0.7777738384221711,-2.0002578510056206,-0.5735963044055207,0.7790156539948204,0.7026963190893382,-1.5962712189647537,-1.2619119613326772,-0.25417922964760675,-2.0213349494654684,0.5235738192680505,0
-0.10003844115129965,-1.1614299920096536,0.47404092120783686,0.23417312976708166,1.2498459361654815,1.3238367135498623,-1.1805833910573211,1.9107762474524412,-0.35095872208138124,-1.52669823373593,-0.41283860973798625,-1.5712606756820553,3.9574845597810664,-0.03829928038335915,-0.20177548927500066,0.45930339900799677,1.1350973563523516,-1.1782537676929703,-1.6286677885266811,-1.5804449609349336,0
0.6298003621061745,-0.4430009295472716,0.4007920508632784,-1.0465074878674436,-1.3040011314776938,0.7517837671489516,-1.3346955494095964,1.3447795989320452,-0.15316942756393653,2.0310985372799015,1.76745544566189,-0.42786327477061226,-0.7683962297037875,-1.3630293889185638,0.03626338601872716,2.5097597919905756,0.28656134443932463,1.128623832413999,-0.2292856355898563,0.5395639577323326,0
1.0645632079278975,1.0326400078226137,0.03438643669091612,-0.4852990777640834,1.0808577390169947,1.3960228445146348,-1.6045897706102257,-1.0434526669002675,0.06093414129161515,0.5629326527665294,-0.706376059753133,-1.3087268004169719,-1.7025073193111824,-0.40222905553221827,2.993580723673889,-1.4080286071469963,0.9735966288908662,-0.5272218054446197,-1.1959351840041468,0.7059976991605366,0
0.5865251686272865,0.21873016858609884,1.6106078703877393,-1.6406999365749881,-0.24974949428880613,2.0793940262770545,0.009951314201629232,-1.387412549297651,1.4100044603982953,-1.2070647228186435,-1.1721977488164268,-2.2771737371407808,-0.20569821648474215,0.6296443846726106,0.5166094125231716,-1.3864750314579064,-0.44961031485541214,0.2629318605900603,-2.2723420862597177,-0.8015147979256333,0
-3.1813611796566366,0.29367715735305383,0.4322656166964456,-0.11970414681415932,-0.9686005459797628,1.5115860423337304,1.319216212931917,-1.8021616922177477,2.038311384977407,0.7889863408615709,-0.5152772825869844,-1.3883054709438305,-1.4124720178830465,-0.9767994326012014,-0.07282505411930143,-0.8521396351759072,-1.167405561475506,-0.2021861138474647,-1.2518620128164717,1.2979635436883026,0
0.3796392304889801,-1.3245086728038125,-0.46506553727393524,1.6539134821302746,0.14758014556820218,-0.8521999112095583,0.44085653430318206,-0.22584505628292445,1.5567837080295823,0.8124216142429157,1.0752165100104991,0.9841733815429243,-0.5622592725937466,0.833579673179712,-0.6465025672762524,1.0516892841801202,-0.005582904679356917,0.622906342049252,1.0075382597524418,1.7034657459371227,1
0.2698662626746439,-0.1495972234677308,-1.0146475864009048,-0.8816045378347985,-1.0709264712160247,1.0587482782702224,0.621843001160388,-0.8697266351534769,1.2407730351563924,0.554463241639094,-1.1561691703844643,-0.9721050115927732,0.6489519666316571,0.6274552824289759,0.4990454050584482,-0.9536634147292707,-0.1610363717458679,-0.02557060960310282,-0.8763902403939621,-1.2606022411040294,0
0.5474383348190294,-0.5478988736708814,0.9732903248671345,-0.5055065825086886,1.0556397023113089,2.2591691064802917,-0.2524617163662508,-0.6018818946338519,1.7532877350476412,-0.3114914730248235,-1.0652839425345404,-2.3138055197541885,-1.0289199622946306,-0.06327366435465027,-1.4985721436006698,1.8156491034093436,0.9557417568097015,1.2877582938041958,-2.228792371364879,-0.09241818896285298,0
0.7248176645519785,0.6395310610812868,1.3685465259988443,2.7812330788305832,-0.4735259789818128,0.35985966923578444,0.694383543751804,0.24075963129194547,0.47232516880591463,-1.1380760400729828,0.5788464825349815,-0.5429920535291839,-0.8274660762244065,0.40482300463391224,0.5127007877440857,0.11296475469124057,1.647578884330199,1.2006883806467257,-0.6162760581732719,-0.889099577856019,0
-0.8422115811035078,-0.712743561410184,0.49468039915042905,-2.4391452202867985,0.9804306371056617,-1.0600619766822108,0.004686814089117319,0.6589327506328745,0.7435734491846498,-1.0849313101690725,0.3087367269786494,0.8884120587904891,1.1293920349238153,-0.3163514704915985,-1.320257136859325,-0.6347132912901967,0.7580852975351245,-0.5858286648698021,0.750318334089403,0.6243733658692517,1
-0.13019571407630479,0.7194454943252384,-2.53415440592024,0.45735717438277823,-1.3817480284997705,-1.24590498430866,-0.5842726923137062,0.6901420121487033,1.114779515257342,-0.8800125238009512,-0.10604777034518266,1.1074822070042987,0.7325881056454073,-0.8730441698205408,0.6482386162314343,-0.7735400701262826,-2.3171075613568375,-0.6994131955669013,0.9766973955471738,0.9187171591235653,1
-0.5509771885280952,-2.3025886285723747,0.8540882043162717,-0.3266468701486899,-0.890702318797006,1.5691156742559398,1.1837520732169502,-0.0874600253120444,-1.0256157988480195,0.9598879836269726,0.36260865193397634,-1.4185676705385477,2.016348679205532,-1.3861123162478184,1.7127266962727774,-0.6723644101462859,1.3762531203323352,-0.8521143085296803,-1.2656939118378105,0.4011305720545242,0
-2.90888656048174,-0.7457212586790306,-1.8536570643998216,0.40167189961518673,-0.2303454442076363,1.562271122313686,-0.884489810014403,1.23816177521262,1.4374904382712324,-1.7826757523849266,1.488616363950571,-1.8512144178181233,0.4099297354328473,1.3999090550576312,0.9075365594270799,-0.5835781699925482,-1.3554247234668992,1.808118083146285,-1.9174459086026157,-2.029991161031116,0
0.5895812855130201,-1.3382900232587165,-2.021739077071426,-0.4585775636711253,0.22550843212212635,-0.6969201657620624,-0.8688978982489259,0.5422032484110313,-0.41587650985751334,1.7159171032757188,0.5178994839740064,0.9733576648726752,1.1724033211090927,-0.6258367802798682,1.1209816199701834,-0.282114509547094,-0.8107081478344244,1.9338870702607827,1.076344814204192,-0.6535364481736506,1
0.40185457469490865,-1.4284654141372166,0.3234133582850648,0.40123763193855466,0.5533441356469818,-1.197009405725647,-0.5222709006413276,-0.5621751547648481,0.7334834220009306,0.3593299941683237,0.30474662679263687,1.257093546303885,-0.20134603606289656,-0.6084603683868745,0.21061889045624496,-0.3305566980717038,2.3337119998436133,0.6212817889235972,1.2275479597506538,0.9593338356649672,1
-0.5151811838657553,0.25003002625179716,-0.8971698833224093,0.5820480454310253,-0.26958489947442144,-1.2897485238956041,0.6764338407954099,1.2766758852979634,0.19543674029824798,-0.5700033970459039,1.8681716347015114,1.2010973894037402,1.0699031260651042,0.08418494099478369,-2.636783546866699,0.4608079515889994,0.3232463345265234,-1.0685942803254522,1.0929097337558353,-0.22898240239108014,1
0.33706229184884245,1.2466461776559237,0.6409385328728012,-0.5062594426661411,-0.8309862127161406,-1.3365748695763628,-0.37044716598555366,0.025821097323955405,1.5064532471549024,-0.22885562959379402,-0.04334179629089314,1.3026916861272018,-0.10153909422540401,-0.46251392105119715,1.3264528888324683,0.8933652054186209,-0.3041681553974968,-0.3347128331793275,1.2194400438822077,-1.380343721866844,1
-1.0676788305710556,1.5056848127934153,0.6588522787421105,-2.2608512875286886,-0.9066822385185802,-0.8249063713191952,1.7698891644461916,-0.479106564879058,-0.5050869413442742,-0.15986705571528603,-0.731318553342049,0.8010101144113754,1.5993400118871057,-0.9168990923959754,-0.5671637433603528,0.5107170432528843,0.6273257425374287,-1.5431915890527663,0.7481434508415673,-0.9331342441527573,1
-0.7721666229326907,-0.9704300722343141,-0.7299766368263177,1.3076138928124612,0.696593688210761,-1.1270266075026567,-1.0047864096096815,0.5781818911442945,1.3835734996351154,0.27537364045895907,-1.0414937413205825,1.173510268475093,-0.7847385955708422,-0.9040297560157826,0.9214129867830189,1.1236299633481635,-1.32055389039153,-0.27876535914205997,1.1406707189674568,-0.4509917313265144,1
-0.25468331714476855,0.9111896579693031,0.49842333174215697,0.4307616378373318,-1.5274002527404642,0.8096908528431888,-0.09691236889024955,-0.9694904362684292,-1.3816047675273235,1.5489108262257318,0.1315265467722392,-0.5631636089191765,-0.33470882757639325,2.140997343323612,-1.17783690638028,0.648571009219423,2.344311355369744,-0.15608534758050402,-0.4002337989172035,0.14391706428461734,0
-1.6497371063348687,0.14572484041122302,-1.4536714472187393,-1.0856362868984002,0.24241768119325474,-1.08517987929669,0.010232239149136579,0.37306334197510616,-0.5817343691856015,-0.5808742129802191,1.132592954071312,0.9943593690066467,1.1667845531303593,0.04277765864398967,1.172443018093296,-0.7767116557526075,-0.7558585007788599,0.8373904302073281,0.8952524767817327,-0.15205071532201844,1
0.8407132396672037,1.169698201821903,0.11472619384079681,0.390535954451993,-1.776724678479734,1.872347896931117,-0.2560147479211815,-0.7955768419348578,0.7144807114785073,-0.021850950281362636,-0.16029599271393838,-1.879760420555462,0.7082612427017582,1.3357594592959467,-0.7218325610566975,-0.830259867781873,-0.6134788317807005,-0.817631999790097,-1.7904534868352957,0.7777402830187113,0
-0.06908033999947708,-0.5934662058856064,-0.452519207049262,-0.9962193450799294,0.9548716235517823,-1.1229768623153604,-1.9745244404286502,0.26271758327677075,-1.1761681780049735,-0.018091226657840576,0.3242132619378134,1.1224232754724162,-1.6898373597235015,1.9180550859008152,0.9907606292865677,0.6712068721191705,-0.45000225374063835,0.6245480441454865,1.0663711711342023,-1.1032676219858297,1
0.260500083568347,-0.7389555803137685,1.7184833774730968,1.487211758744484,1.0669357281063512,-1.1863364263414273,0.3455646688669289,1.5752610132276657,0.7648089617355968,0.24898346712119734,-0.12921090312479186,1.2287148504082381,0.9552375546919298,0.31575750601051583,-0.6299890726831165,-0.19436693903790161,1.0238229347909438,0.17032136410376122,1.1908860117366298,-0.41528540460751107,1
0.8915969229035802,0.85672543046338,0.6826556918381124,-0.16777196471004546,-0.5600013156907893,1.5988539320716264,0.5383703019624643,-0.5029570753350028,0.3982153591056976,-1.3506991980442304,-0.7655436308051766,-1.8186478595907516,0.2501839558167266,0.15983403516014172,0.6546132508015395,0.22315814567843872,-0.8253682509424746,-0.8555807815223031,-1.8486419032762431,-0.4447876643466254,0
-0.19796144532048765,-0.6665791402371962,-0.6384528140971547,1.5656260548090128,1.1390242066255547,1.8995080893137988,-2.4898687855338935,-0.8635348838251863,-0.0014599234816406448,-0.9212483634034878,-0.976972839377232,-2.0511089784260994,1.1808108834620794,0.9415910145831916,-0.8094532740794635,0.8550503841703244,0.04927156416467476,-1.5998556261528174,-2.0322255859993654,-0.6792887368923122,0
-0.6170410312834594,-0.2598161279570948,1.4928674212693667,0.05829533188161654,0.16138556036018004,1.1596038873534584,1.0811511141772607,1.0471410223926032,0.15616303565775902,0.554326327131331,-0.3113419012856023,-1.073193221950701,-1.6918341247728188,0.2660453574044463,-1.358847643751815,-1.864146116933677,1.1488130556796727,-1.4750850435559972,-0.9725848884529542,-0.9736461384166314,0
-0.9396152500441224,-0.6429694399424017,0.4915905928500671,1.4427498535209669,-0.47543372993152905,-1.164243074823614,-1.9148767660145334,-0.1470028515375896,0.1158503380748096,0.27521930885152,-0.02417812946682045,1.2107797387961032,-0.09542424151981109,-1.5054853876879322,-0.23532497677401787,0.3444381281959124,0.8644132680564375,0.8069466996637696,1.1761180874601862,1.2301337191129107,1
0.2101262451506543,-0.2333217826653039,0.4452040162080441,-2.301911477531985,1.2456382541433777,-0.8933567430174526,-0.769114366897186,-0.9738556197047984,0.7135249698820006,1.3310938313014005,-1.2862187189861387,1.1085352469150995,1.2641337648006568,-0.49874468917888704,-1.7009502079203254,0.31291835017746655,-0.5801533668862257,0.06892228546630004,1.1712728422335652,1.3645729729928953,1
0.027737003647700733,-0.41350784633464704,-1.4317357951445535,1.040121523834645,1.7922711872913482,-0.6329241771316902,-0.20153089773222924,-1.676590303877065,-0.8811966690904887,1.3559604763562931,1.8023482760299288,0.8515436757899262,-0.6990709380147172,1.462198510625522,-0.34141020308992076,0.602435363520711,-1.2506338475768737,-1.3323215091605403,0.9289293806015751,0.8590839935746546,1
1.2644953349865145,0.8423375640072203,-0.18810428429692747,1.9127473301421771,-0.392758580824068,0.7914758062487091,-1.7436269829015165,-2.1190407707221524,0.4362608071812908,0.23447044802622918,1.1110086796386394,-0.755554262856004,0.5673332279809373,0.3825496997931063,-0.7432056143763949,-1.4882814995664102,0.6326577764557318,0.04807873026598327,-0.6983622255620149,0.9274202693458017,0
0.7678769062354431,0.6473679149796163,2.3365811675319352,-0.06214575588255876,-0.35456634057318626,-1.1942929304213232,-1.1413299101333154,0.9354947754157896,-0.9188008365751912,-0.7257896190832673,0.6552161258948179,1.0804771185646906,0.5896452277040856,-1.3190600747569983,-0.3709212574980356,0.4117779588544617,0.8353559247347428,1.4472132767279084,0.9645043917918104,0.6683719563988755,1
2.5823126413274258,0.40875682733154495,-0.30555369953635275,-0.7367502216836254,-0.7733672574206618,-1.1339828393288856,1.6002772671219634,0.3945381193773376,0.2019396286832541,-1.1910705755052033,0.6288216317116772,0.9454781273633864,-0.9949007103284302,-0.3577239053192011,0.6737644689803901,-1.0843771939920492,0.409190268112493,1.2326088184488424,0.7953230666932408,0.053867826055933585,1
-0.6875875608934273,-0.9359518733746506,-0.5807743855608501,-0.7086118544289591,-0.152594027533616,1.396873627622741,1.0436698932893478,-0.9982588153162613,-1.086026116077062,-0.8992647459995541,-0.10166057292403718,-1.5439016956526814,-0.005636453390134523,1.050569184484763,0.39733375513175195,-0.5621136063728043,-0.09284298562567994,0.6446272545248332,-1.547707179232394,0.28328569726478575,0
-0.690504443938883,-0.2624725961361189,-0.02685593289588105,-1.7424019938308846,0.41148917027878257,1.3297797373665923,-0.8976076565903914,-0.7458329720905046,-0.42459392337858287,0.8074257137744941,0.003906060777117501,-1.2031644464013063,-1.4392269898073,-0.5750447817240176,1.5967799894653563,1.5968819491104704,0.945939567212574,0.2602231412904521,-1.074091108654045,-0.47607994565584216,0
0.5904861166256096,-0.4713404990473806,-1.6533386059901165,-0.6885923193325123,-0.021992433127945528,-1.4800800705454817,-1.5700508438439262,-0.45645570153542514,1.1459589979980696,-0.10634625237933393,-1.9225919060969876,1.4661291943973662,-0.23258958510086392,1.248681746320049,-0.06304597033416076,-0.02332243951962182,1.234662631555281,0.3092214830941608,1.3856715592939257,-0.5312327839830381,1
-0.7341574715860242,1.5553978869587057,0.5504719803340363,0.7814504075770441,-0.06298170143361556,0.8718867457330242,0.02434106966275206,-1.1040898806142152,-0.2154774499664562,1.69897750113195,-1.0515332760020817,-0.6014406937674655,0.5708638096448985,-0.15728530255204504,-1.3219647457420056,0.29163016522615726,-0.14356287463836054,0.48330084801864476,-0.4235156596145635,-1.369659434254036,0
0.10892158479516915,-0.9527150385559487,0.245833727426649,1.5662292408594392,0.4756230901965269,1.012628001991242,0.48321456346400204,-1.5641786864219607,2.057557364059962,1.0222587426415184,-0.16122482792675008,-0.8509225091963091,-2.120523855733962,0.11596329214144421,0.2828355238705332,-1.1901146229254427,-0.8782567310872655,-0.07919862949678405,-0.7201347874301386,1.1741424686527155,0
-0.19741443697819014,1.2749660112569072,0.322325278774121,0.11767120239066206,-0.6022005253909871,-1.0751620669254134,-0.1942372735513589,-1.4912236651027768,-0.09070918826229277,0.5871812537628085,0.9082898304222309,1.1715056761436122,0.30895561659149845,-0.3066164052590827,0.2122176453688616,1.7150051629740968,0.12853462704204333,-0.7776456960575928,1.1660609123619283,0.672127687044215,1
-0.9430172196442314,0.32301709215272806,0.41371534250362596,-1.0489524245709874,1.0438168882396128,-0.6514206609638944,-0.06647846475622143,-1.0975899320743263,-1.0129382931057986,0.20550414773178516,-0.04516952953749281,0.6857140742720953,-0.02881174735657355,0.8135645042183082,-1.0006808079105325,0.2576952206849811,-1.419983114700785,0.5638032324131699,0.6704292143484089,-0.8667385019174373,1
-0.7292333963215567,-1.157479159250342,0.8534617636326269,-1.1625409716006132,-0.9480588029007071,-1.3953329040686688,-0.18996732513997053,1.5887514349947054,1.264688144768362,-1.807144515474397,0.5818180670475459,1.1086460414598478,0.2449804317919251,-0.5776330755574826,1.0781992726058638,-1.0928260339536229,-1.4888011519412738,-0.6170737905749536,0.8966380585215562,-1.3174734892302067,1
-0.9604653079816429,-0.07320451162148134,0.1565395063954239,-1.004062499802027,0.5021285731376254,0.6739663629626129,-0.4376009311279091,1.4356054671593057,0.8352344738455024,-1.5622328178073632,-0.7357197909310887,-0.9257274642596083,-0.3064880595148532,-0.2768279634293077,-0.03298844105806983,1.1896179053501272,-1.603071416552363,-0.14787030708065077,-1.017571539831941,-0.4523276970408798,0
-1.7953082555968556,-0.47542645559985597,1.2794606364385424,0.016776489777774527,0.10536435122612609,-0.531306450580319,-1.8405308836964775,0.8380236448591145,0.2452960779182494,1.443411417650838,-0.7608652252396265,0.7637280216006419,-1.1355217142354537,-0.5204099408558069,0.22353194755198236,1.1641849139723093,0.18096526891690315,0.039851277519481164,0.8530311720624748,0.6850894811149992,1
0.38807539674159663,0.49876661598119393,1.4547090031070837,-0.21286675699350752,-0.18836285139434303,0.1319250691327646,-1.5986387159358912,-1.3237612317632566,0.10736922072550265,-1.598516457037697,-0.5068758939468613,-0.3883685742427223,-0.39714594952951976,0.6446382594311394,-0.6078988116505545,-0.4362258011336972,-0.8787386395532895,0.826479406751717,-0.5094657701197379,-0.24656025426434927,0
0.13728618563188855,-0.30667523893649073,-2.026600724190262,-2.1490351387464934,-1.2046552287797025,-0.5070494953123291,-0.600274954094606,-0.8527890921264819,0.07653478395381794,-1.5906100064335251,0.43979851374172996,0.2532076730239623,-0.7899854518438192,-1.6799413524304998,-0.042356485896030076,1.7974106998474615,0.5482160429880696,0.16112730995862667,0.10166862427195539,0.8127908433371236,0
1.910197198407237,0.12519218194928802,0.43228851502131926,-0.206035506622422,-1.0794033174941096,-0.9501756222146189,-0.0065391356200964704,-0.9276677120841864,0.6932713450381803,1.433460017933932,-0.46263292368110476,1.1818773510530687,1.1178861176564476,-1.2486057052448392,-0.5101486809266669,-1.3505995714145747,0.18545072130313672,0.9761173557651757,1.2500175940775884,-0.9354221683172498,1
0.2557550659708301,-0.2381180229900166,1.9643029516865462,-1.2831587155059434,0.5511870832675233,0.4627858619038727,0.5195322404092914,-0.30750480131398283,1.8093544429457598,-0.912589749028183,1.0431026124762246,-0.609998250996439,-0.14619680781799707,-0.45898199594250627,1.8633789564596523,0.2879732118039713,-0.7544656123423217,-0.39368699075553176,-0.6602901967692191,1.258667803539627,0
0.3761173740479943,-0.5270831628493351,2.270859426586609,0.32727715659560613,-1.0740266652074553,0.77487234897546,0.7278863257549107,-0.42748200005045894,-0.1402277094698585,1.512919884867189,0.4129844235416368,-0.5340400549570643,-0.3131690513310806,0.7776079456265486,-0.056534229430545334,-0.5625703270080584,0.5637228030792998,0.8971113012672277,-0.37567439828692134,0.8134388795215265,0
-1.1499864974787883,0.17455381738790587,-0.712406161435358,-0.7413599213089213,-0.1928425613355936,1.341027853973166,0.9033174370173849,1.3896970459222728,-0.7240630338880762,0.7470469897865558,-0.9236663074712913,-1.2241119626204,0.462598491384686,0.08350251911542354,-0.4351547462825437,-0.689392116719855,-0.04478024397200816,1.1700165725231222,-1.0993080117783556,-0.5692212766871037,0
1.0967323394218358,-2.0070266791926614,-0.6861753585157981,-0.6443170852288004,-1.4546612632159037,-1.1099451737297514,1.3601996008267196,-1.1334055625239066,-1.020171204759473,-0.8201323485380323,-0.30247396470567534,0.9808344240693712,0.19783254940004746,0.7539853348182989,-1.084969192002904,-0.23008067157521292,0.8267330078354796,-0.3009633715952339,0.8614377705639683,-0.7011076001043068,1
-0.9418539176090013,0.1554692768505429,0.4252096122393412,0.0717238317504193,-0.6577315219024882,-0.5611431221770348,0.1595393569960944,-1.0689229076998004,0.933778544587348,1.9089098253161676,-1.6107323738768853,0.8682247898654497,1.3478140462599757,0.2089707213242034,1.7542340242793792,1.4366377686359737,1.8858254087928603,-0.9513221153481334,0.9932095049635606,1.4213634189391504,1
2.8161582332565818,-1.779186376006434,0.7902894563877848,-1.593450875559916,-0.08535808752213694,0.9051375326062994,-0.42680837738834865,-3.4723343696933786,-0.04271874620423438,1.9538094752666426,-0.3524056790082052,-0.5939232021440733,0.7440134189410381,-1.667843892760427,0.4508545830408517,1.0010358383288975,-0.007005341466847658,-1.1654323419346657,-0.3940534533758723,0.8034129898775325,0
0.6022684856281394,1.80485134403582,1.211800414247552,0.43555480141854963,0.1374423740020738,-0.6713861388827707,-1.669633162954661,0.9910572918201005,-0.10250658777123539,1.9749315536658512,0.5292597151625525,0.989278291425435,0.2810033971218462,1.0069289625736972,-0.8724579667340009,-0.06563747249972618,0.14900327564123564,-1.4694073175344915,1.1141685320821266,-0.7468077503651861,1
0.3059493359127545,1.2884536448632407,-0.697468316026664,-0.6173675124243095,-1.9660163544361682,-1.2048734032228907,0.7023211306098474,1.6611198914692842,-0.48172602950590604,0.8960863447855446,-0.17968443075107596,1.3509910843290962,-1.3389075655070037,0.4209536011531982,0.7797109102979355,-0.49294968218774726,-0.5899556241948579,-1.217268184618395,1.3638797631472905,-0.5653266211661953,1
0.9988873092494134,1.6143246132266909,1.0221029361746825,-0.5354550942674909,-1.086257309968414,1.0710630637539549,-0.4985411926850859,-0.025596360661635193,-0.7254740657858726,-1.3504609875097018,-0.2034932115907785,-1.2897164040365738,1.0924222443164375,1.3097960622476823,0.5920069102530845,-0.7933051176125338,-1.3603588983592256,0.46665620505852196,-1.3453572647812446,-1.2446127190444392,0
-1.3829444817945635,-0.11725232876751204,1.2480848040790111,-0.5431743046629047,-1.3223200428232924,0.3300782595922305,-0.438323372298513,-0.6477473042193778,-0.5627163916366952,-1.47148221560773,-0.2382270505043087,-0.566577964288282,-2.562429124019151,1.9556456334806103,0.7283300412324082,-1.034294364304974,1.2784827580117573,0.6245663242553218,-0.6679057815698229,0.20973571896840493,0
0.7824668216517134,-0.9767714493313946,0.8277022161396904,0.3311118186289279,-0.14381523869271332,-1.1763651651252323,2.348571743632176,1.1491774644374027,1.0338769296330566,-0.7543020433551679,-0.6462125635583271,1.0579426895639061,-0.5227341738054877,0.23466540862732788,-1.1203020312898329,1.1494523890740815,0.3364025702521143,0.04490398993607354,0.9405673515932709,-1.4170519328480684,1
1.947874606370402,-0.30903342919248167,-0.7689328758371664,-0.9095711299167061,-1.0764088498929403,1.2445989363763572,-1.822813170811901,-0.8168958304218573,0.5273044126743363,-0.12311734558862375,-0.789486766076361,-1.2669285613969923,1.5017765186277445,0.7484256756229798,1.0672391925046067,-1.1013336685607082,-0.9485771304705768,-0.7420309747088806,-1.2162262354917752,1.404188583614052,0
-0.08523526067248295,-0.7291338040681448,0.8888906220842591,-0.8543098171042788,1.938629303303613,0.8936192045147716,-1.4562640637946032,0.7589842563623735,-0.9116756821731004,0.7875340064531478,-0.6275438900676091,-0.7692806083863453,-1.3421921639155863,-0.049648289590705705,0.45420591267744903,0.05909988764204488,0.39118092727231685,1.5509673236363783,-0.6630039670896285,0.9340980425877184,0
0.48269922882587224,0.5374373624764074,0.7772032741893298,-0.6568875764467559,-1.1849810173963446,0.5097027872342598,-0.8552910460471859,0.9901067386877334,-1.5917146022921256,-1.622144251309522,0.05830564800740505,-0.7707218064674488,0.48132212214625936,-0.0880306889837554,-0.09281119280102189,0.2847150649691252,1.2493403941321026,-0.5647441206248349,-0.8753329106288872,-1.6659364690333325,0
0.4561474592978605,-0.11695228944332842,-0.9818241364157965,0.7488254543215642,-1.2194642788741583,-0.544975392897273,1.1654779979923808,-0.6162342881735888,0.524605962359134,1.3455965742950173,0.41913410055211925,0.7617503380270418,-1.7358244961005889,-1.1978834730602357,1.372630069753203,0.005318647844336489,1.4891250437928227,0.09639753609088342,0.8425861624593756,0.07904546421614517,1
0.796247343588854,0.4061724775198961,-0.7788149003356377,0.26042654946821037,-0.04898953746434412,1.4650136829015987,-0.31406780888360014,0.7385794448415718,-0.31118600419949194,0.6724029242400411,0.2922620211284462,-1.360318741651717,-0.3928195789015398,-0.3681670527513893,0.6816082828556261,-0.6818595119360216,-0.8220909073838948,2.6600005547073517,-1.235439818219221,0.788689861893398,0
0.6252369472794697,2.860609909998482,-1.4733108641687402,-1.442425938078783,-0.19547431189057002,-0.8636667522839484,-1.721191866376365,0.0007866496498392539,1.6287835511590225,-0.8519304689152517,-0.6523668344748172,0.7289458313332482,-0.11820620981798562,-1.4346683437487082,-0.6839690247608577,-0.0800108104709335,1.2758023662986122,0.07794920862836435,0.6189888796908218,0.13122096200752406,1
-0.39051483835243284,0.9181234302329567,0.6232979804386803,1.1865144365576656,-1.359299833523405,0.9843499420177794,0.32322368602723595,1.8578954850989022,0.06365500343505413,1.6385874082218579,0.45103601733137855,-0.7238165226500743,1.2773305568912228,0.04287408955040018,-0.12332722924187599,1.2776828033307033,-0.4145009026506573,0.9176030593650993,-0.5452398178074895,0.831934999772652,0
0.960623938130673,-0.8463734365556613,-1.2387690061857486,-0.5109881319518451,0.19199785462037358,0.8831293179752407,0.7451898439353112,-1.8471619423370644,0.5638942245966695,1.1791351082771275,-0.6881101344338477,-0.6960133415668963,1.2019032303089967,1.2004625687863013,-0.9815188391946627,0.3702328305751916,-0.8742395713002528,-1.1609593141378716,-0.5590090621811389,-0.5902925062858106,0
-0.7050548127443087,1.467747137787975,0.4771621214802085,0.22772213444061512,-0.9080746998966325,-0.6340076863330568,0.15151833943070125,1.3055547741505864,-0.907367431020488,1.7681660511535608,0.3520289086952857,0.9186868579757287,0.6153367855166604,0.8503470798128759,0.05849128369403141,-0.34737307866484635,1.1813851284947883,-0.24297529997884304,1.0289012259252583,1.194269727996968,1
0.6724783024769427,-1.1271211759005122,1.6066227063083893,0.01836320038129866,1.329675513846913,-1.0911451273819173,-2.007851394247937,-0.2725554512745365,-0.028417100298841015,-1.323020259762509,-0.33927042660012346,0.8814055326324203,1.6120051199770815,2.340151014539205,0.6064503196513179,-1.0773976067403912,1.2020693688203439,0.7600644191515707,0.7228080822466464,0.21425041078150947,1
-0.4920485169218156,-0.6935895274268055,-0.6645327085981353,0.004129807031935968,1.2076769249977295,-0.8417834650802207,-1.1033961794832596,-0.665111516915176,-1.784008499551104,1.0432241935911433,-1.218116795664514,1.010722112704163,-0.6887510374553074,-0.5993088232346175,-0.010559895213312534,1.1747236726089958,-0.09888936514709665,-0.10144491114591514,1.0530044915437904,1.3194412159026268,1
0.062480508062160864,0.7140930718029268,0.07344575282230875,0.08162616458600923,0.4871169618422066,-1.2453751650806364,-0.552057469156425,0.10939325752122149,-0.5414742341987338,-1.007442739258025,-0.0753409773986016,1.086530135753276,-0.47194702346654743,0.048059208129919,-1.8628841930388569,0.7777366808100441,0.2647326196369906,0.09653947354007479,0.9456060688323401,-0.9215431354285316,1
1.2084829341119847,0.5389734922521037,-0.5954555406179834,1.6224650974033312,0.971752999015166,-0.5644906824951103,0.2878796264613529,-2.2096634470476335,0.47151986937220236,1.678301288962213,-1.3581255487303416,0.8346235039721435,2.060279082356588,-0.1940223057195172,-0.30583158297563484,-0.05338575548024553,1.7144927490308175,0.14004047234997394,0.9410499483134654,-0.479952386286428,1
0.924975469628927,0.36775978386732505,-1.6470419046408336,-0.6569037737468146,0.12924570663861612,0.9596001919616186,0.3856869625822495,-0.036969578761851515,1.6983099787684632,-1.0838772558486922,-1.3641463726921141,-1.1352997248901635,-0.47510015994589216,0.09406401797033016,1.1950129992846197,1.0664186362247023,-0.745685198582524,-0.35983970811709864,-1.1750956882019117,-0.6355785026586733,0
1.0049649198104333,-1.6391769918422319,-1.227720829983842,0.4792927532117471,0.611896270774308,-1.2789939953523664,-0.21783492546005456,0.0819464934002868,-1.254493549160864,-0.36127874831888307,0.2661322428117535,1.2237692650612912,-0.9024361676952352,0.17226101357396198,-0.7646429151162915,0.0497599249230543,0.6979449304557516,-0.3978931215225299,1.1327544093587771,0.055110075451643994,1
0.11812514856846511,-0.2536900559433293,-0.24098157112455645,-0.23233508600953898,2.0883614795975936,-0.5852942099449412,-0.396303368300372,-0.45941820044967563,-2.0885413072017647,1.6535230467555873,0.2660019636242361,0.8514996829300073,0.027688386809162028,0.8970854315298173,0.0014246288518921294,0.4516845103080545,1.0529503417331503,-0.734651943673416,0.9549379341924132,-1.4045046681251354,1
0.39393966862648594,0.21355536299753755,-1.211637236542729,-0.8397310984399047,-0.10981928652047607,0.13215221424804358,0.6256756589614705,0.7956133031753798,0.8158046380018311,-2.2240193949414753,-0.13862937019613675,-0.48883526489343887,0.32370826488316423,0.4621551747735018,-0.3621687525054652,2.131956928430907,1.3542579614145849,-0.2457345549830925,-0.6598173505796463,0.23063347280645471,0
-0.48503094287758014,0.30029575497994077,-2.1460006260232123,-0.07575254376734064,-0.14010047451154997,-1.1542711110586714,-1.801804021691592,-0.5758180199942299,1.1288816146171632,-1.3380237449798495,-0.776686530544888,0.9422590076259834,-1.6048228110186982,-0.7618468920134104,-1.5890120111836892,1.85436779877406,0.3773027199021907,-0.41431711433812,0.7793950009021947,-0.9202049086319591,1
-0.47112907085150024,-0.4204706371295542,-0.8245820666974784,-0.41311497607052305,-0.2258625756470334,-1.3619898797828243,-0.08908101589836503,0.7336604325014758,-0.3701734553290701,-1.1708442799138077,-0.9423449630471126,1.1772027490177703,0.3225692861592916,-0.09817163722196938,0.35966235503348587,0.7199493116563719,1.1691447171528344,-0.17405482977547,1.017573424767757,0.3942604885351038,0
-0.5208059111606559,0.8028369026151105,1.0332995996930314,0.20622186770024314,-0.026938511180119244,0.7759987327540879,-0.0276102289724896,0.9117574464380016,-0.35327756153189316,2.257795396847273,-1.4243419126222658,-0.415799840682031,0.7801827116934859,-0.7399556687452895,-0.1827632488584791,1.491538928405336,0.41784601867895393,1.4753951579987596,-0.19796120630794037,-0.16523322815441416,0
-1.9403700485444246,0.3753298048577797,-2.122650087389494,0.791679871408679,2.0849900837813657,-0.6489543972937792,-0.14329813777630115,-0.5587502408354613,-0.09828606870849318,0.335786839696949,-0.8862936164229692,0.7041209241221371,0.02471484707085316,-0.2961172423266658,0.22303703655583124,-1.1092797537464243,-0.09624715133088867,-1.5507385793251132,0.6993485555512006,-2.594610975323394,1
0.8141469181804509,-1.2932181249800219,1.101221511647012,-1.8719420660434802,1.0369574906692591,-0.9817919182193443,1.5775988449085936,1.666437802020156,0.41782335592174696,-0.761763465479311,-1.2476775278439411,0.8617673120442596,-2.152662755490416,-0.3321708980098981,-0.20346494647243207,0.02014217377719221,-2.1954158744345564,-0.621414515195521,0.7532586386151031,0.06276320865603245,1
-0.913716339725995,1.1650213329749544,1.2121948488296617,2.468442383169094,-0.37646217274815547,1.8783131638574737,-0.2557238055105119,-1.9849717849441053,0.7844068511148345,-1.6842911033107975,1.0600777295223596,-2.1521500961453333,1.6045311619559057,-0.25016847359130356,-2.048686865832757,0.05261443641716648,0.4582060324918879,0.17016504515746886,-2.1951647770252958,0.9795430180563653,0
0.047622964037582455,-0.09120777017010587,-0.27560039803313197,-0.9460990975697199,1.2635103390821694,1.2208310345169364,0.37136467404406676,-0.746408048021024,-0.1937477346286464,0.29412407283264363,0.45905809228560623,-1.1762465931025778,1.0443343238143572,-1.5683052822339836,-0.08679616982487154,0.07340213034660217,-1.7297847714697197,-0.535944366360778,-1.0934170123417455,0.40759407347377097,0
1.681804004948118,0.7345130280307782,-0.30056956149443553,-0.2850585056508263,0.018056435094664865,1.6401662872928586,0.35744397478044004,0.45015168247666343,-0.3039604840729162,0.4085836958156335,0.5402446937148009,-1.578115162637569,0.9257516978599571,-0.21601757951102793,0.4441853555365876,1.0740006854104311,-0.984010986262128,-2.165023471924488,-1.4657634609905963,-0.4127276774286593,0
2.3606317879067062,-0.5928183761637819,0.5561373988641216,1.0619877558096198,0.7065898461210531,-1.14261760744731,0.23793245910178965,0.22530540155553944,0.21829137671219748,-1.6769202932665872,-1.000078321639691,0.8762717854578842,-0.27997737441262643,-1.7014562557309185,0.7376610503327469,0.6531895915867832,0.7325305247032177,-2.6955368246853793,0.6869409315952736,2.033364176878755,1
0.09528735510612851,0.5349738018083592,-0.9663651859030082,0.9916849667024483,-0.25960378421493474,-1.364369070133163,-0.3810256611453518,0.2983141914897736,0.7046429369719638,-1.1987218391626988,1.7946264045401605,1.1751194308098296,-1.5180238902788883,0.002711331225844355,0.25156946090575516,-1.1387793694390527,1.2728872259872712,-0.623572670590821,1.0131506358982343,-0.054803399554631725,1
1.5663564400073116,-0.2151594201287209,1.0284412062246966,0.9349724070979737,-0.365944259704267,1.5501052838372578,0.877267627967348,0.5123139279693474,1.266469983941559,0.40055601780725436,-1.8630804147685638,-1.489152509931832,-0.6304570997884383,-0.5273145881818356,0.11477152229030023,0.4422503311572995,-0.05736667743389526,-0.29331276334532014,-1.3818207261094073,1.7495913288525704,0
0.5044211053736974,1.9136564095464121,-1.5473906893961782,0.12153643391894339,0.6155979190278765,2.7971557215059297,-1.0176087243209622,-0.226722931321278,0.9771857618703768,0.44678276134923745,-0.052246724263418975,-2.7313997004056283,-0.615144244692642,-0.7923773865919314,-0.8822868472684446,-1.0137787505038918,2.332650999357222,0.012747465939651039,-2.5597379166370486,0.6083253496261517,0
0.10100438753123349,-0.2380400625993165,0.18431032463389127,-0.22002535600957118,1.0504665139932345,0.051859993835658834,0.12564538005548873,-1.3619834958810295,-0.8283385924356634,-1.3996394572804465,0.8988580404894819,-0.2762655178038451,2.0042211007031723,-1.176624269859554,0.4567806215467165,-0.075851802519636,1.7202784682792907,1.6636609036684995,-0.3853918991825841,-0.3249781095549366,0
-1.6322339081093327,2.0071885890517103,-0.7115564441992467,0.8688197004175275,-1.4431469156754069,-0.9262368636521999,-0.213572670952289,-0.49419015834372143,0.18546627548409106,0.9721820187654383,0.6254381420358271,1.0839671504525352,0.8494861291111694,-1.547769470622966,-0.2800384011655115,-0.8518220863619647,1.1351974422125906,-0.6602790101341081,1.1164756796635253,-0.5391914729039349,1
0.029285625116828487,2.328258481427887,-1.8203668291772623,0.12410865830969338,0.4807538912506008,-1.2695819322423665,-0.4914148825594992,1.8697320561111435,0.8416366222783748,-0.29586931162812036,0.768063986871654,1.2248196376137732,-0.3043145525900369,0.516185659253185,-0.22075696212279336,-0.13377914738817054,-2.3208180656588056,0.011804849578763961,1.1394801443375115,-1.5126626009933157,1
-0.7052754721823081,-0.18803214914610103,-1.3016782734773102,-0.8680958799703257,1.3466920310750237,1.4743757921988954,0.20086013251478896,-0.6561543070034442,0.3885123385986687,-0.6623093641129085,-1.29462571181468,-1.58359279846237,-0.2567207774713855,0.48374783184946835,-1.4923569654744364,-0.09674175198231867,0.8019335044560513,0.03824347000981195,-1.5647276808757449,0.44732264863808036,0
