0,1,2,3,4,5,6,7,8,9,10,11,12,13,14,15,16,17,18,19
0.9588616301699384,0.6937030872644394,-1.5461555926021198,1.1142541217595254,-2.137506957862742,0.40130139061209213,1.0780892696876707,1.5417775275184236,-0.3716536054719093,-0.13605254972713013,0.7241717472759807,-1.5146129177179244,0.8662930464153621,-0.6656906674733776,-1.2362838068687574,-0.8162082767130917,1.0855275695087454,0.9911047960411389,3.2792692558556547,1.3641401998190064
-0.8284221176542121,0.09656750972236644,-0.4711086911031206,1.7312180464521658,0.3668755191621854,-2.0182604592435722,-0.6266967445071764,1.1314954186066333,-1.0293291740480874,-0.09723026440082204,-0.31883202384258746,1.3152910117197374,-1.9354987664220253,-0.6225413929831606,0.34668315188458526,-1.13331655290469,1.1314623113799576,1.612821648954173,-0.34518886666552473,0.690715398439044
0.43756679601567655,1.6659187222858745,0.8975150850571433,1.2728611406858104,2.0564876434887376,0.46254161249064274,0.7193475968560412,0.7094977713944918,1.1778884771798577,0.13755601671673545,-0.164384254439391,-1.5789925882320486,0.4075069412744832,-0.7550049994812568,-1.3473128736207562,-0.9356042274628246,-0.5968389724390091,-0.3641741864861249,-0.8146343764774554,-1.0807556114010057
-0.9660380245945152,0.09300070555713119,0.3022691550928396,-2.6343633213382125,0.5165812826141329,-0.0129341061798116,0.6509843320988636,0.47193991873778024,2.0104311949166025,0.1445782020585727,-0.6059845414141389,-0.24034574904491243,-0.07534335326914894,0.6189553104928301,-0.7883580550721534,0.5929645806448716,0.4456047052136315,1.0343980693535975,0.3064709844356967,-0.8485254266861962
-1.884024226040985,0.655340338995763,1.7251453284838514,0.6167115855020953,0.3607257522768466,-1.7502118313162622,0.7555825081329569,-0.747962888626865,-0.10116462033152862,0.12039580200626468,1.0208861375172131,-0.22175974637551343,-0.7414398053171503,-2.793995552619778,0.009397614547899906,1.726331446943419,0.1870066842210324,0.8044895263401547,1.760622193642954,-1.367171171373512
-0.15203053256510413,-0.9998132122716805,-1.402062880300442,-0.21624866449465205,0.574575312915324,-0.3053146289963853,-0.4356068740218892,-1.1066263939660963,-1.3752293010239165,-0.18658419011606348,-0.9340330747279445,-0.41220340838396113,0.36907855429236275,-0.2138457600722815,2.115874464784359,1.704996212320862,-1.1188107779521712,0.23328010354672432,-0.9207707331572905,1.5487457172327077
0.44882343879218783,-1.9169067596837694,0.9050056089081157,-1.5256989430362569,-1.12579722635902,0.7220020800250088,-0.051153710429421344,-0.12555129393943903,0.9563604571418642,0.12461790298074947,-1.327590569612879,0.9193196301378653,1.0712149506918902,0.6334746199864254,0.9443442490790247,-1.3779174725927197,-2.496654181453548,-1.1219277291369343,0.36831377676626414,-1.0203072794608763
1.1058159933638598,0.7803136598221551,0.5016986492471986,-1.709957700580836,0.8012712022312064,1.4964752244636328,-0.028016897163526122,0.8937295492209674,-0.329413540399367,0.01674801192160335,1.0141299097294774,0.7427401759171987,-1.6534875387493173,0.035212652765771915,-0.8590726804483727,0.37632100004552155,-0.20316040192496831,-0.12197725393013839,0.2135363429766491,-0.3075177095742076
-1.9324132712718975,-0.9727210121713037,-1.7479018504920583,-1.0943556174542024,-1.049879076627885,-1.108480826961325,-1.2359621559812253,-0.8054800950066459,1.1518404157335536,-0.05809538092895553,-1.1395324782437601,-0.9842944573984057,0.8280302597268228,0.20023891341945615,-0.4438931347283132,-0.07872898071421061,-0.5242960560992539,-0.15362408826187013,-1.688079382205893,1.0701283582905772
2.138997848601136,-0.4467462579753873,0.22199733702604107,-1.5881533248874589,-1.0378682974011233,0.11319737262367788,0.4260109436272882,1.4546352218672192,-2.175899069065227,-0.11619289090768568,-0.16845074365822163,-1.6766844194515529,-0.5285735206221325,1.3557611525120745,-1.3541550313789723,-0.37995869533886806,0.6762882500564332,0.8807238336249111,-0.10129192789538763,0.4734987730918917
0.600052808013646,-1.9214298191403048,-0.9184199976748889,-0.47078683543103106,0.4762123985211006,-0.7502694681202267,-1.1372788872943416,1.8712476620572058,0.5747378431327488,-0.032381890404074264,0.20285486900442184,0.6258643241227236,0.28204702783792385,1.3638781614139661,0.5298567649118577,-0.7241739175722965,-1.2681752406932885,-2.1332008155462385,0.28676877202606815,0.5714437698330871
-0.012263775025313802,-1.0875799962182053,0.231182134433206,1.3767310426457462,-1.7783934862669015,0.49925495121393415,0.618732051422683,-0.7794136017801315,0.01880595231130444,0.01810430954616674,-1.6324246986631454,-0.9744949219239635,2.445912543382842,2.213815352779261,0.3956596787384386,-0.009687095901863535,-1.2956691975160683,-1.195489136271621,-0.32989015121478804,-0.19292827382991948
-1.449502488704846,1.1859735188567426,-1.6777702377954493,0.18901378150812223,0.7035234283985816,-0.8119250182777576,-1.663049581385079,1.5528791657199281,1.730400812182854,-0.017725254600563612,0.9934671333848533,1.103415138288474,1.4667609235520265,-0.2320357924691619,-0.3235258296227833,0.2888163712543744,-1.1700612183468495,-0.5731422457047431,-0.2889967779289153,0.8395947893305258
1.64291099848894,1.1179132959316898,0.8829138839049286,-0.6000243515905059,0.05811034597580881,0.2587142961911527,1.1447618337780292,-1.1124344047855166,-0.8281883759090981,0.014345996205293976,0.1479063572984533,-1.4625577918342492,-0.8268128997828965,-0.8032556020244086,-1.6939966898484884,-1.317601600439286,-0.10677588941401357,0.6841796574369305,0.4254005230481608,-0.46657857573153694
-0.9090831571123912,-1.8439704036320024,1.2769797886080252,1.4897038669334566,1.7989168675483562,-0.13159400673209637,0.682182822019781,0.9026296725899167,0.7664595526621854,0.14034359146123052,-0.32309311222891035,-2.1743904040404836,0.523022182215812,-1.8417199824659864,2.539619846483045,0.2758497430078984,-0.33139532272352296,-1.4587433309105997,-0.2393662447983001,-1.2646250188131782
0.8465525516043511,-0.3217481296961754,-1.1683537778367696,-0.6257478661258341,-0.21506976359809185,0.39420276905877877,2.1507666432807415,-0.3267193740729922,1.2896683435083132,-0.007188662731634344,0.4547338006330204,1.891575613876417,-0.8542013631702539,-1.3923707299509587,-0.9504376209688966,-0.11800501248157774,-0.20870772086252617,0.5593187806962265,-0.2788198929216184,0.5592496890714498
0.38429717141387615,-0.6858797647384247,-0.7393582058857986,-2.0915812096915216,-0.38616451247500677,-0.8814969560154381,-0.5593936229073321,2.80867922907657,1.2209728292358426,0.020099588996708186,0.3874621293484944,0.7350834593308707,-0.8897376387145413,-0.6542151534827395,-0.48132022828259313,0.1273642357124367,0.40598768945867747,0.051095514996385434,-0.269434114650662,0.23234532757237425
2.368405430524384,0.14666195168824162,0.6881514351636948,-0.10173491620438901,1.4878041937323534,0.7119019302895414,-1.0618292283202575,-2.3228941462537254,1.21773412869959,0.12462326287576084,0.8929187197801965,-0.021110597859998987,-0.2413705858168617,-1.3176594946009235,-1.0530445971460687,0.42996421751359076,-1.0523584566835018,0.7169617495043776,-1.8264071454598942,-0.9231134230889456
0.5652090353726533,-0.25687367946892403,1.789071961392757,0.999651593821641,-0.8002994628057671,-1.9999748532622563,-1.0939801661612254,0.3527560932929948,0.06776253597606541,0.13537044123761535,0.1713483891279783,-0.40452448633665733,-0.3966907649581679,2.764372276751555,-0.37123581515694454,2.778549322273629,-1.064701732596179,-1.6229993161026741,-0.4113932193026289,-1.4696807867800374
1.7042187940393658,0.31247885475703147,1.5596352736300574,0.33623914757291684,1.800197171779361,1.6480087828076835,-0.865175431242107,0.7724817217514587,-1.7066253825898559,0.010506530809631667,0.021969803345086608,-0.14791059406521084,-0.3782695175209816,0.6837359357902447,0.8248412498895921,-0.25718826137447887,0.3610613262691026,0.05150062462840833,-1.331846062060938,-0.7510320441902171
1.1098516616336274,-0.018824461250059217,-0.35301139477563803,-0.8696473526038042,0.6053271175641514,1.1184852298805543,1.520121407302958,2.696422235896335,-1.0108317435344225,-0.08744054398271711,1.1809099464247084,-0.6178158856070154,0.6918394523200032,-0.12959534083864524,-0.8437446665195941,-0.07082778069551604,-1.368009291796542,0.535543066826836,1.288909572639662,0.5894902368171675
0.5762241592928413,-0.2783174968929219,-0.9501696245250957,0.6994944701409169,-1.36348643813715,-0.08288305688899132,0.6769199860757237,1.0721914284831982,0.9297767380184234,-0.013094666871477983,1.3931376155251591,1.2387279976316452,0.6999204669913912,-0.24291976105733726,-0.9409412257838149,-0.19462049692372252,-0.05258896495922548,-0.6991571462210153,0.05315151292583321,0.4905595977979711
-0.1987814095366592,0.7517661955452204,1.818253062152934,0.5381299675441595,1.3828919831775148,-0.9245770686989953,-0.918155966130952,0.48063037361947913,-0.22345711421558256,0.11978039259186918,0.3141200982920356,-0.5528573257658838,-0.4269076778769004,0.38938591712844967,1.1071809901443193,2.4518126985639825,0.6389358772321603,-1.9562901901864553,0.7101601099496782,-1.4058783323615252
0.7098340453033847,-0.055260078100582685,0.757493345548494,-1.908377113001015,0.029128864050040094,-0.02283219613922381,0.40721864313316314,0.1518542286956721,-0.6746803093488389,0.014491509517012845,-0.04437816026582847,0.7640625306011302,0.09170644291581875,-0.012777470713196454,1.5097677118397523,-0.4505479454748056,0.22970246637093633,0.2749986995625956,0.8653696165752508,-0.41106753247381705
-0.8584179866111608,-1.281666068938403,-1.6602767494001194,1.0090781684584667,-1.1727024174361065,-0.834319845187442,0.6013293028711969,0.779618337441079,-0.8356836694657949,-0.17267659409967054,-1.1129984004004099,0.5305787339389675,-0.6681330810344023,-1.7258929895773396,0.4413398753912479,-0.4002472155000198,-1.4164730489449564,1.4552466118615424,-0.7718666293701713,1.5959207717418864
-0.4024228218369239,0.023967647951798603,1.6300887540437718,2.28916002518443,0.15574778598212488,-0.1767514440823574,-0.3081635675341466,-0.2556808347079018,-1.7977621456869264,0.010126124748576257,0.11056517152961327,-0.6571435527312957,-0.915274359276531,-1.9971009719305075,-1.4989751678836332,2.2554481568420046,0.7535020681624143,-0.059065523473579636,0.3213161897300211,-0.7807417854024
1.2759328004617672,1.5616616528359966,0.22369970650504334,-1.0885187870842234,-0.7261912481228382,1.2052060084027258,0.14655410950939748,0.29994665382513797,0.02276927458427913,0.017796709872272262,1.2375121770377586,0.4691452148417294,-0.23878946101117032,0.5468999764945257,0.07587869476744964,-1.0312819566134526,-0.48164915745908,-0.8089856100365701,-1.0607673509508566,-0.18805676422403061
2.013141758718285,-0.21156752145745344,0.8487398896625249,-1.930938887500403,2.0085072929653642,1.0432208816463318,0.7192376726293157,2.322870784723556,1.3456757023939185,0.14419354418549826,1.278988956340078,-1.2387994667232742,0.9161845175763222,1.2702488913685046,1.3030514963881454,0.4233239340234533,2.322849061923143,-0.17314562613915113,1.3708959493109085,-1.0916227517806851
-2.3332859606612817,0.3526899628217943,-2.039755481695229,0.01845659706148588,-0.5899574371704213,-0.024447992093403786,0.3021452483552927,1.5983681650771897,-0.24492304649072028,-0.16454668585828963,-0.44277418325351353,-0.10399251911247154,-0.7793543962728051,-2.1082429597810504,-0.3350729278514482,1.22597283351505,-0.0689298226232032,-1.2120147855915395,-0.6292008730547571,1.7259550586809023
0.014521728151289194,0.42735667054927284,-0.5648030242732343,0.5098864259654642,0.3668600693968493,-0.39948386493395116,1.0624610685757567,1.388727787888933,-1.3144089209949765,-0.12146052290991081,1.445303533816033,0.3116107074616122,-0.6926667940525126,-1.010513338775,1.631255448312902,-0.5293599957535431,-0.16248738386894124,0.09056857837214473,-0.20535153903314676,0.8522161488184344
-0.5338277977104379,1.2479134240738015,-0.6602839639569835,1.1072578605502361,1.0362375546268898,0.4178397464587639,0.5267706542532874,-0.30922009756031377,0.5365412494359776,-0.015770835105517408,-0.23987412031013697,-0.5348762746102564,0.6759324104787513,0.8154443518971246,-1.8595074576687,-1.2379830055656225,-0.6281356238093388,-0.22121122956069517,-0.5814328217763349,0.3737957310662169
-0.45204792753324924,0.8846631632966991,0.8373644256869573,-0.755205209914418,0.1929806427179747,1.330137143973221,-0.15276307030242642,-1.247352480750222,-0.779715414663236,0.013955777401194209,-0.17536650336901605,-0.17891697442252427,-0.32265522563289983,0.20937487936161644,1.674810638139558,-1.617936345826329,-0.17104899422434142,-0.7692290335111263,0.7631953353257276,-0.4442333651749131
0.21187402237031017,0.1264348549265085,-0.17347535144889537,-0.5471393196754097,-0.08359829983141202,0.9886135751044299,-0.7382108427578414,-0.8078187624726283,2.7419638353418945,0.15421696427492337,-0.9287302821467653,0.40700470401429667,-3.263600046823358,-1.0923723055604129,3.034186444258341,0.10352472889080067,-0.9137978054510676,0.20556351152010258,-0.9507478069801791,-0.6827743353443386
1.4685770425684652,-1.7470041265472835,-0.7066621416497353,1.2174878684315733,-1.0495097940907232,-0.37229018259416957,1.0884458614982306,-0.37426655251185187,0.6062085624017666,-0.014931441564089229,0.23577616891394843,-1.0857083204996116,0.42417279296768734,1.294892732565293,-1.0397842152483145,1.68385355578904,0.901553927055421,-0.4694620526380941,0.2816107319969347,0.39044843320325834
-0.0315538079231921,-0.09620929728127282,0.11148100702868724,-1.6228693345303236,0.3756021670927026,-0.3257656445071651,1.4781549905778821,-1.7930286266605275,2.297253821583621,0.14804518850633003,-0.06971018182001817,-1.781888208176893,0.06926720667561166,-0.17736924187430564,-0.865544047028681,0.037792482807198546,0.23591266380116332,1.04787981452414,-0.816092264835456,-0.7800891137165566
-0.10371819356138524,0.6258836699126097,1.4578728569788444,-0.7546912479110902,1.8214023793336729,0.4371372565984199,0.07035076190370373,-1.930496532619618,-1.5488226579731617,0.012649061165812226,-0.7771143799546705,0.9357536546077748,1.2464521943310023,-0.2503225436337097,-0.18901215301236796,0.04237310179978145,1.5274115920392182,1.411068302956513,-1.1791850005661002,-0.7159760613428267
1.5675247912510388,-2.644340350050943,-2.006806417506544,0.4897375459060639,-0.01681786777207717,2.513204492697816,0.9938413685105478,1.1844789670149907,2.0598678404371737,-0.021803641993200774,-1.1576883980852306,-0.351731887362626,-0.5577219036634572,1.124760210397243,-0.2626538851054726,1.5917264109920577,-0.1687946873798309,0.9404181828783416,0.2722635334010225,1.0072218887012534
0.13369802490583038,-0.5202810230059187,-1.3326334370160189,1.1663336424567698,0.821643310806703,-0.09260342091219292,0.8686684941231929,0.5782448278149857,1.0897526483897075,-0.031411832507790886,2.425964515085637,-0.41519302042310385,1.6815325148141071,0.2803737660991814,-1.0956601104397556,0.7027617202485119,1.0321136564967217,-0.03178048157351843,0.3637515390152835,0.7523603672252687
-0.8806978485942979,1.9198413609093363,1.1471213978474424,-1.9438021714031826,-0.013729859159564966,-0.41978579173985536,0.4408416069718969,0.8923347842826211,-1.167724973295553,0.013055529107966047,1.1106807238928915,-0.12827735809862015,0.6361526865506145,-2.26235276477731,-0.5355300643235626,0.23266531706449678,1.4558230560703047,1.2618463794073937,0.8881117309742892,-0.5786642079727315
1.0524865140475383,0.8075921236378377,-1.022203038963073,-0.4795669734718335,1.0974430803090653,1.1958495814430505,-0.29103106642165694,-0.3089368443453787,1.0990275118474877,-0.008074234681582373,-2.1122123769542127,-0.3429972824643399,0.5311630730894764,0.9313202541854816,-1.23023075875715,-1.1797835129611853,-0.34865462936765734,1.88980504338364,-1.2152883449896732,0.4980945847444601
-0.4135381874858787,0.16019174879133977,-0.11081881392303172,0.6272283564072125,-0.17859148200625985,1.0559343785380466,0.066820874111828,-0.5710675138564759,-1.150251060370026,-0.07816197645212677,0.293248647740995,-1.4357755155215122,0.8900042621402808,-0.6528047637696107,-0.6618388209726556,0.5013196021164911,-0.7228163529403953,1.0137841212011374,1.47910377535133,0.4351513843948601
-1.4670077739451286,1.9081074881290863,-1.0808821110081783,0.3160913470526457,-0.017587769583351003,-0.43211259456627993,-0.2452787373577739,0.3062378701957974,-1.358880093726027,-0.16202723690041024,-0.2662500029042225,-0.036355612002631994,-0.5101882168229804,0.31642357620271744,0.2042266920701029,-0.7906388890315815,0.23601816623702676,-1.7755188226126064,0.672348641024022,1.2836468602031643
-0.1076932043068703,0.08269826046916001,-0.41030348183490795,1.2328829085543878,0.679029231245593,-1.2554168754491704,0.31233761471526955,1.2585319356121953,0.7333889719946989,0.014552480357952315,0.30572758137224043,-0.26745535085934224,-1.3343028153045284,-0.8702528618349984,0.2898473052255889,-0.004289933770400475,1.8351964215744174,-1.0910574518735756,-0.21938807533477075,0.11217967252764005
0.3727479113474521,-1.189213935442063,-0.160396206451779,0.5236418252771661,0.5355032435826111,-2.0865123946041044,0.5599183135037418,0.8562904066646728,2.6758632392338875,0.1511519403805824,0.14628714218043715,-0.42506565197046553,1.8941979561080413,0.6550641399981552,-1.3466327282074733,0.6543405266339344,-0.19569652948808475,-0.338560556448046,0.7189913094353911,-0.6735223086764061
-0.5498745248512551,-1.2240113072828451,2.2249852307268903,-0.27669383285137844,1.3276553683118302,0.3271118188052962,-0.2901027392160602,-0.6883154516999846,-2.5684974128575053,0.006841416554271787,-1.8745854884085804,1.0796497802988325,-0.7914818221252502,-1.0379095948494843,0.6473396852326901,0.9374799059860767,0.032062356925938146,-0.7040371718911066,-0.8474155961238325,-1.031247302172736
-1.040608454359671,0.1685600909230472,-1.4155628019774613,0.2603128944159116,2.1731527410634475,-0.19399879064306463,-0.695956580468841,2.4950149744825976,0.9158660091520943,-0.0480824509628752,0.3825342225329966,-1.0184226744383533,0.08262693259411526,1.2232059031225746,-1.8204421791118237,-0.7825937358121478,-0.2622842518250467,-0.1833792702712241,0.9174365045154057,0.8717533150740284
0.4023019097226412,0.24086363363740962,-1.2336295741212615,1.3141145461246768,-0.43602666154816433,0.35776760069626556,0.7132718988831752,0.09654928489876569,-0.680916931117727,-0.13195524198684483,1.098160397038623,-1.6452209419789126,0.2138599132713045,-1.0873665780768678,2.563264794567387,-0.11832365418326954,-1.1502283074557136,-0.07001980073589284,0.739507349837766,1.2038216442823482
-0.8599827985929155,0.885909963637395,-1.0864639001566858,0.18168081432242203,0.26163953702782095,0.2170970945704419,-1.0295760134537013,-2.910825431854935,0.7860247924660633,-0.031845354260476536,-0.4937423873169579,-0.07639412708406215,-0.49114293939666104,0.5536440678369149,-0.36140853383689925,0.9540223550777958,-0.5832106669724886,0.28126208226629223,0.5077633126747797,0.6441353691130427
0.7715472866734372,-0.29572729295294364,1.2405629622536105,-1.4795518216015566,1.7009969238109637,1.572741076389223,0.6481627849239259,-0.7183595712508134,-1.318388265841295,0.010737268705739446,0.46504712903374296,-0.13403690828922254,2.9147263908344234,-0.10275441769252192,1.5618368276557648,0.7443667937974524,0.7499400604679003,0.5290105673758133,0.6333020418049983,-0.6091231352740184
-0.3748236039113988,1.0558716354423023,-0.7347657061617353,0.8158344630530626,0.9842243359017614,-0.8503228540731087,-1.2431050962480394,-0.5489333528279424,-1.092190233938591,-0.12039917389085442,0.44768758023472105,-0.80025890510868,-1.6533824247996582,0.875624847166618,-0.02080065408683812,-1.60880598111314,0.46333509738059686,-0.031579264029868256,-0.4284074367900104,0.9231797740191166
-0.16005072073932392,0.6490821654811696,0.9203950378241361,1.2087793081819114,-1.3813654565509952,0.14288082354423182,1.2962627021771738,-2.3880265912904464,1.2358957282670404,0.14276620974044793,-0.2785796750282136,-1.068975644245158,1.1815105512922717,-1.4242127542053258,0.3151357413293738,-1.8778274246341273,-2.6190678934885145,0.22492999492473842,-0.8536435315172536,-1.1167081219198014
-0.8854378654921582,-0.5681012741781997,1.7068155958409235,0.6053715131126538,0.8432687119238127,-0.6324127395303644,0.9627537314587633,-0.9946368294734025,-1.965002368237575,0.0055724096022780785,0.04121534958352415,-0.46090804953595693,0.5948298933177437,-0.11118331676562414,0.7515302917241878,2.3818291669378566,-0.023527142514968218,0.8210733913026296,2.3319529025234833,-0.7926826284700207
-2.099108277034484,0.3638386818500357,-2.0592926999571874,-1.9854548534974688,1.1385687712606731,0.4448848526486861,-0.6861303069182458,1.7279774761844455,-0.0954154887276798,-0.15687723345439689,-0.7964445546318679,-0.3075615410733019,-0.19513787098240978,-1.2195172852329508,0.608877744879752,0.6765458969007961,1.0827712778678358,0.14145625930748823,0.7201570106889275,1.6968908058922823
1.6123563898813076,0.09602511648991678,1.4156398700162243,-0.779616192411107,-1.488098432742434,-0.9247885870830176,0.7013807271303218,0.40295530742205765,0.4352759109216001,0.1303516394987635,-0.7028529458382679,-1.9231702663748773,1.577410851102829,1.0372616408454203,0.5425188733481351,-1.1196155450888148,-0.8942321554766637,0.6019867374589882,0.4366582230153973,-1.277512253876853
-1.5765738833142044,1.7129091808665844,-1.1435848086786922,-0.7653051308980265,-0.05293071014290287,-0.30346093782728195,-0.7545209741469175,0.4245787265579329,-1.489092739488067,-0.17455497756665134,0.502975757755407,0.03919126111947651,0.3871103426909621,0.1504329859016738,1.0218531516868083,0.48459387428890904,-1.1403891052628732,-0.8371265850042795,-0.3000929280444152,1.373540466456376
1.1231135266860253,0.17754616426799816,-0.7541842166857187,-0.27892109789736325,0.28058167923376887,-1.5546370458455456,1.1577060278721887,0.28710982020259757,0.9991917241328975,0.005508944826085072,-0.3342547046562137,1.4465533727277717,0.16266220454612118,0.5159232455276053,0.7922350102311431,-0.8953290221490644,0.2958086241790089,-0.18251785940378012,-1.2077841574729402,0.31094836435955336
0.4690628176088956,1.41457009291305,2.0568886208719395,0.1260861997064476,0.5285639111611486,0.5658301556908861,1.1297595631476394,0.03759289061655587,-0.4358408950460049,0.12435561870612756,-0.6259021298608037,-0.13863327291526728,-0.6493186753119186,-0.31123436355542017,-0.6569199645863462,1.2323092263425246,1.3996941903238485,0.7688825054659073,1.0143120779054082,-1.5354271749439654
-0.0794087721188572,1.0514970267944972,-0.8571861550306448,-0.4307732021588958,1.8966454694098018,-0.6874669965798077,1.0470326274926538,0.008408658044288113,3.6242182065398336,0.15777611052042403,1.7376867583806392,0.44543693201512324,1.0566151287135372,1.4035085398245026,1.97383670073814,-1.551554277794549,0.6238860556042095,1.5663787431243503,0.6475037274720643,-0.3938049243699354
1.3913943130906814,-0.36922386828540976,0.9073151279150713,0.9265903237292433,1.0477865162890576,-2.342561027629377,-1.1969990724349804,-1.0659297715430107,-0.8869083140718556,0.012560918916812918,-0.447831507648216,-0.35231937174346,-0.8512950557318057,-0.5722978906042676,0.7909831418593213,-0.43994093120209227,0.4769846870831507,1.3076471753890186,0.01712070744207147,-0.46871475701435333
-0.5748806053228879,1.0128818473293983,-0.7517073633004032,0.35109925415121573,-0.4806814829062419,-1.0572553832941511,1.3792516870764495,1.6967248685264076,-0.7105577838982656,-0.09840651661173191,1.1733376587795357,1.5271000761607554,-2.043221000014499,0.37859689681809544,3.7730650578122793,-0.7697821751873206,-1.0360424524316096,1.09884305037147,-0.590211533761796,0.822314574432748
1.3967422879491427,-1.4008128553402426,-0.657668683296251,-0.3084847192460524,0.7952006822642039,0.20185251519674757,1.7316787763796238,-0.8355744813896964,0.930871587513766,0.00842960599838542,0.8055571779170038,0.9234636910059318,0.9002329372091136,0.6116151616310403,2.08866980709075,0.1646321507664108,0.0833115324245586,-1.1546062454509627,1.2470814926426932,0.25327468617278426
-1.3564642304753247,0.07214283457265806,0.5576399342287313,0.3901711549585965,0.7358551511244383,0.47381082248825024,0.6717500240735788,0.9051173310381445,1.621500590647643,0.13963215279106725,1.4415611154139503,-1.0273444750247485,1.4703706090237254,-0.010082606823916221,1.1613590803341662,1.0334066540976206,-0.8211517853955982,0.24581678348721836,-0.9713245669539582,-0.9386212443386791
-0.5834162923608901,1.6310533234834284,1.373762638443409,0.12174071148442295,-0.8039606363540108,0.19335708300309357,0.6903760163076976,-1.622423879697721,-1.475321154581644,0.010953907730257919,-0.5404731353958407,-1.019717556473386,-0.8942231387099709,-0.21164784121452668,0.10667770671046481,1.5336352750210402,-0.7335407526750864,-0.13979002378847522,-1.0382191108451844,-0.6699077450931595
0.7614861398412455,1.1384300852952889,1.4653930118075906,0.40790571492527344,0.6131044790804787,0.7095648211842642,0.5066402135706622,1.1043966403965524,-1.6344186175307813,0.007989270095154901,-0.30064544228063705,-0.7165422506880491,0.5030204931063617,0.5764217290506548,0.8068910910078843,0.7180850577723773,1.2581614311061708,-0.26253123628377106,0.7964744575204914,-0.6963669589243693
2.2269705493994096,-0.9702916288714274,0.49056465036343666,0.046964480479933755,0.906649711640089,0.2922272421428254,2.416599779740599,1.4805573893696427,-1.6565350253602085,-0.06486983238320601,1.1044619795843265,-1.838828561436423,0.4310681492190509,0.05184579112144189,0.4328699899058809,0.7652388258089072,0.3036132709366979,1.0801228929690887,0.05682518100242483,0.09998607000910592
-0.5254460670435771,-0.8428175829507439,2.3492613429457254,2.3759142037242404,0.30189302131021734,-0.4090745150391105,0.7439416855794988,1.0323960778594892,-2.7498637767872354,0.004915811981744692,0.8298124963389073,-0.422528054815152,-0.5456685657066762,0.8127884267267268,-0.1683949810580506,1.3377808126846213,1.2391291908420505,1.2042547662695293,0.29923959705497205,-1.0774664546363801
0.15179714796382807,-0.7384366255858009,0.2372916368184258,-1.435009190562483,0.4107119568854611,-0.21708649421206463,0.35482806721564525,0.44627347171078313,-0.030485679524103304,0.015551403329946128,-0.33724777138805534,-0.7942142393169198,0.7664549745187714,-0.9106391283997308,-1.5495183294405686,0.19419283906874518,-0.1583851795256581,0.8408754486823754,-0.5038722164424584,-0.18307720446710832
0.4749649123753222,1.4018900456121886,-1.5571211524750708,-0.26770299479194765,-0.523002092610217,-1.4677071890905344,-0.012439053560485528,0.7650470115308059,-0.03278677377394312,-0.11622525239434872,1.8241770152892587,-0.9834945121804595,-0.4408934024594401,0.12196537778308598,0.38714964803287205,1.9168469996905202,-0.10104905733980755,-0.6247954088419396,-0.2786405515202949,1.2712746280830312
-0.4608437567621297,-0.054392238535079,-0.4900530881517884,-0.7274914776540184,0.21276496526925093,-0.374127390271326,0.5215110372069827,2.233595459074098,3.0149632197947605,0.14761451585106242,-0.47988629958472984,2.2529173905319513,1.5829315935151487,-0.2642109612752024,0.7657443239560651,1.1559104018510105,1.4941654175720889,0.7983619662062186,1.0703132507537467,-0.5082847851979884
1.5675482808884842,0.8397815696892278,-0.30125622697839705,-0.7105516386458418,0.6593392728583696,-1.3233175519322369,0.014840855491063233,-1.1819604806128852,0.926978225204385,0.03433866725020105,-1.7261577006110438,-0.05165830618295526,-2.172606968277724,-0.7415515303831106,1.0428736215003898,0.38497937576740193,-0.700111683259774,0.22156562901875348,-1.6969814867451622,-0.034287426542203514
0.46595616440781296,1.6825455055184786,-0.1980047450486877,-0.4834990898488928,1.4103498633008562,-0.3603757842958126,0.7040113312623066,0.6333590802310355,-1.7489069354660245,-0.12100669488194718,0.08391845391348059,0.08673386480506942,-0.43481067962629627,1.6631455224539864,2.6398292518071487,-1.5327037288198253,-0.05563704338052714,0.2329787962381928,-0.6157555570157945,0.6855346317774708
-1.202617720610107,-1.3642557432169704,2.378440973122152,-1.6447405298985285,1.908023782440627,-1.2359606891255026,-0.5294498637906518,0.035754767227647526,-0.8908083813257086,0.12024397248562924,1.0637180131583603,0.19913032350957863,0.9859221914315279,-0.6255265974637992,1.5234565138496574,0.06822056427265065,0.5739419180236377,-1.9751038153259557,-0.07132497426408899,-1.6593085840036637
-1.0135321854069508,0.09080351136729296,-1.037099209785047,0.11191901470596254,1.6889220517068229,-0.35360165200832705,1.1839946510514507,0.27524509660835,-0.8604561606886444,-0.12846909366221604,-1.4934145444400995,2.39325699382037,-0.5960502387838086,0.11893397519807239,-0.13680778251438408,1.2015566088889935,0.7154866686425072,1.5787005605963391,-0.38069386163218555,1.0985204173290501
-0.47168311608368446,0.2595365533008947,-1.3516764375240111,-1.1364701210950736,-0.9914497291793231,-0.7094751230574924,-1.4684988855039574,1.502285267616265,-0.7185810794011411,-0.14290821779079801,-0.29990797809131714,0.10440731900255917,-1.6955071633541146,-0.886522462455534,0.6106976161460388,0.33925704311493,0.5349572038271394,-0.2204694346406964,-2.2074042232998434,1.310760986017045
0.9440293039800608,0.4174728999473587,-0.5549586407730418,1.2070206494103697,2.265525524162029,0.5610208843657203,1.077063106006844,-1.1135754105713627,0.756482318626866,0.0053467299959561515,0.2527903515554669,-1.7379077327523291,0.5891164070558249,0.4842329984311555,0.25692885112590724,0.19243266848246013,-1.2903057195911807,-0.2493050706162289,2.0211646859729555,0.22243133595868725
-1.118191007085012,-1.264448939235413,1.1302939723946568,0.3488255905741643,0.11271828997925565,-0.5931290196891325,-0.9528897139699789,0.808137656126419,0.8635774582199074,0.13549581853333065,-0.83231844140641,-0.7894294279137077,-0.7115653817202161,0.2526399837546409,-0.23498145496245718,0.1459215532563752,-1.6244355390036775,1.6559094340186775,-0.955244303653133,-1.1749550701907236
-2.0992937553105153,0.01978737664433716,-2.273915745503066,0.5522487846528612,-1.0815407873559013,-1.4713918357271607,-1.4854046287729519,0.6149030146122617,-0.13506014620291573,-0.17503553584040174,-0.06723719395442397,0.5002276129948626,0.24956821696969422,-0.12686899463771845,0.7772732110632837,-0.2613809668492278,-3.427925621522511,-0.31370592655276774,0.046751848055683665,1.8826615665041282
0.3197641857053901,0.6740016885309941,-1.5814766169801433,1.5096583375174808,-0.11148281084492635,0.45130026832070536,-0.1860429456268767,1.5559217855557768,-1.1394774245541819,-0.1853922014049319,-0.19005082553910604,-1.0094633537771047,0.11162847467661854,0.7832650848064965,-0.3084277846232737,0.051420872119647465,0.8960975303122284,0.7955958821729366,0.6347278021916987,1.6233021774964627
0.07013367744902016,-0.6611473663273995,1.8104628403682794,-0.733366974634528,0.26559591235216706,0.6099774305251621,1.321653268266637,-0.04043336039395024,-0.3719044459973295,0.1101707743332521,0.07051957502693885,-0.2631180787191805,0.26299195987933266,0.6895604176922998,1.1134829810784708,0.23548291174957742,-0.28786457312085695,-0.4554893301522583,-0.7238179843549952,-1.3549943577692767
0.33990868221818193,-0.5579177227899269,0.4779398268759092,-0.266821834775089,-0.7179607027431218,-1.5164756111422748,0.32819388731148574,0.011766947307403654,-0.3113063879661031,0.01610752951165238,-0.10220901440691398,0.03208700599934149,-0.4121985974628148,1.2049989533103949,-1.3585469927627607,-0.7111224199227612,1.1396920205634122,-0.3666344606825553,1.7210073789399523,-0.29370748242433226
0.4365435104906585,0.7686321541312099,-1.114744710151178,0.3423202613689283,-1.0410190810589162,0.06825329818754242,-0.045099331901776424,-0.12104037987294057,1.2123999786909125,-0.007960390373004262,-0.030227724203409554,0.31476246827802656,-2.7265058062700356,-2.433248617924834,-0.15470097978125216,0.22753943764161766,-0.7049978387199324,-1.2569012745111665,-0.7366203690056881,0.5390215209768721
0.5658774104480425,-1.1481468751692512,2.0959897816267334,0.17885186782629567,0.7856950300094411,0.9909524695733777,0.04288160885474773,-0.7670750854518495,-2.446344743927053,0.004815621345743045,2.0326872104143834,0.4819517992109385,-0.0751685661004581,1.5738744892959855,-1.027784839658555,-0.00969452437038835,-1.2983437969991862,-0.37990317646076766,1.9349421551553645,-0.9634253767851196
-0.8743649636179428,2.2992880681946066,-0.3354125982405316,-0.563320424472772,-0.6458168129790613,-1.16510757303455,2.3890619782059623,0.21474647129902116,0.7275859086092356,0.019693093831683734,0.5455151667711732,1.0436798864884955,2.3074994542565923,0.771283588594776,1.5712740590778265,0.8694410402528344,0.10386337974131298,-0.5531309179769591,2.382701966904267,0.053252710487185086
2.266579478773171,-1.5127997005398732,-1.627265109037497,-1.8985085766323166,0.7247025732072435,-1.3719690977768764,0.7435616040680756,-1.435737824370293,-0.9985767565756176,-0.18017254528191154,-0.350733822404533,-1.2816138296381014,1.4377663661529496,-0.8291343309815342,0.07940738040299387,0.1043511464340015,-0.22697950921288174,0.1191884068096669,-0.2430599122932134,1.6180885069893465
-0.3765618771864904,0.17475268611116412,0.42218504404903456,-0.3635479699412842,-1.440496480696772,-1.2962701746759209,-1.9313456275246532,0.17140339261996382,1.9311900371787603,0.14855057249365175,0.6652017985000739,1.3584165668257544,0.13664653023293086,1.057533575232238,0.4051432909259156,-1.45236365214194,0.09806495831907676,-0.20851934355799265,0.5736384438261145,-0.9218766584369247
1.0654879546521279,1.5684832949325112,-1.197937919098801,0.2814093212676978,-0.9203269842055473,0.27331558612118273,-1.1324089970050295,-0.2570854880848776,1.0409141959089483,-0.024504189363686646,2.4104412280169067,1.3878345815430229,0.06851438177363865,-0.7756766494361964,-1.6760517912688337,1.186851088413882,0.34426050024613725,0.6049954166017382,1.3660527059438745,0.6579073240453819
0.3884186065192293,-1.0901632599369337,0.03775496957028435,1.4486685969980755,0.5807050990180671,-0.6032135184388526,-0.2815689965480909,-0.6575215604056678,0.424576386426776,0.02861977205697229,-1.0359199346668961,1.3861944377056685,-0.35415711876387956,-1.685053350700929,-0.1859116151233363,1.147273442750032,-1.2556733891324208,0.8898548907295879,-0.6575877517053261,-0.1580695833478128
-0.2449575831528502,0.5537615220603564,-1.5303887427345466,0.8691365197268784,-0.5968141181988892,1.2547387363176805,1.0071496983977268,-0.9086122281717794,-0.008643684139723162,-0.11279424739237248,0.0765307989356246,1.6097395757975121,0.6167219821965514,-0.29109227321414316,0.018148992225908513,0.798268642971405,0.20649317424520425,1.3664600261377395,-0.3730309006578755,1.242369346028574
0.9980391493948049,0.5597773035462398,0.38801526262325303,-0.03569550276078557,-1.1786757296915111,0.9264642415670934,-0.22954862346497856,-0.23253078059780946,-0.22974922576014312,0.014476305122438736,0.3934763955464516,0.27016254073685536,-1.135828734019409,0.6652612132276504,-0.8036098108332922,0.45405343916547203,0.33531769950682516,0.6920485575812997,1.461497210262786,-0.24534774951287713
0.7949708400887061,1.8127329106691852,0.30190437325151054,0.7148121441693361,0.07174807211731918,0.7940334944578369,0.970150460909376,-0.20256150587127258,-0.06886850875766326,0.017954419727314597,0.251719734488094,-0.19173145740313227,-0.581543570226113,-0.9833655062356664,0.40817029990207526,-0.9102417429057492,1.3420064239141891,0.01259981623071284,-0.08530102198680915,-0.22389533484260216
0.8577550287232162,0.019199206182406652,-1.5055758877447938,0.9954772269265288,-0.9343875826691849,-2.4403461632461423,0.7816536379068635,-0.31758991348039556,1.5020873243147144,-0.018993968997812603,-1.4076700966377775,-0.1816989485326973,-0.0004724562804717046,1.069563059869737,1.7477086989162955,1.0416245705712153,-0.66945748845018,-1.478098931855901,1.4853890573949717,0.7686533176881827
0.49893910486052967,-0.5811727289343842,0.8032891624867243,0.6593106376484272,0.683208454297438,1.2005923315034628,-3.5365342618244116,-0.4761934421930339,-0.7122043658686168,0.015566419041953964,0.2649459921603997,-0.24226664817214075,1.3859981074111898,-0.9263249834882826,-1.0581546728948628,1.1063676258111248,-0.4470998259124182,0.3027291744932383,-0.31303823408024445,-0.4368998586720876
0.37134841846666045,-0.5506647290088751,1.5303720525280455,0.9010875277313856,0.7969811574066645,0.6337777345343376,-0.4317761203042167,2.0160429426346442,0.15416177318431568,0.12165281206862326,0.9428233979754689,-0.2675008938131422,-0.9529942065286213,-0.07689750485974313,-0.05667149429679424,0.9269508718146111,1.1729212261677486,0.6628402335769928,-0.5327142922305175,-1.286049370191044
0.0807723346575811,2.0986086380201088,-0.3368536693231068,-0.25010877717272184,1.3430534168559571,-1.2426511298648077,-1.0689767463276851,1.5513580492499492,2.9368424270409523,0.1540967497732214,0.3399969341513601,0.4233625388182444,0.8587253552950728,-0.7212894527868905,-1.6328887069000753,-0.09880180591175086,-1.5645728747736485,0.7871227270531389,1.6796111494596824,-0.6089355391821147
0.08449863589206968,0.18448803432218527,-0.930939241526591,-1.2090495662380853,1.868656409287259,-0.9745694832938551,0.8805785046938168,-0.07282367794402982,0.9944982938898134,-0.0077434063332719304,-0.39505972576165804,0.6714787784469026,0.6567808261039418,-0.23206837314541548,0.7060243705924388,-0.296624016886046,-1.4618591083226837,0.9686733504936359,-1.1735065677516348,0.45554756795318835
-0.4160736097157314,0.898424047836751,-0.06406423372667214,0.34731150438409236,-1.225980269271878,2.208551018245371,-0.21739478946795113,-1.4897261397542176,2.5951447471677196,0.1533042686302453,1.6367019894789434,0.18458022033112498,0.25254475350069133,-0.04174739740976916,1.3479528953813595,0.4459316133091614,-0.5687323046091008,0.8475847787959263,0.3498632558988503,-0.7273245292773276
-0.1773188751746612,-0.8024253261312687,-0.8096171648993348,1.163299222806775,0.719656204195745,-1.5945114097433768,0.06388690341940081,-0.7380366274651712,-0.699714681766943,-0.10199455274740006,1.3387558181061994,0.3770631470353059,0.7390366137764222,0.8270077000321738,-1.010798151814813,1.174047597363394,0.32802139062798724,-0.12931599287157794,1.299485232773885,0.8659717628961182
-0.6164361538472564,2.5275711418334788,-0.42377049767271757,-0.9457947408849351,0.15866908049364767,0.0979169278023833,0.1266934012891518,-1.269399961320316,1.0220045187607705,0.0311367511387924,1.4355026071278043,-0.11919390331153684,-0.8426581043353256,-0.3807755899781265,-1.4658875535868288,1.250185276252872,-0.4092799736836611,-1.218620573598078,-0.38944513588558544,0.0364290888980752
0.9810377919054992,0.24465780852525823,-0.6025907344678625,1.734006936609435,1.250622640297601,-1.4773111068905922,-0.9877746407500816,1.1761878706989042,1.0178536021645177,0.017765928480258555,-1.1067748487911595,0.40870591004842954,-1.2530789209004696,-0.6877124579923162,0.19535644234227512,-1.570512318124089,0.7535216348597633,1.393990845559877,-0.34695955772985804,0.18253843266367176
1.7145050802388693,1.947638232826855,0.6725230179430314,0.3306671373319673,-0.15935076715493676,0.3864338605793274,-0.2689576446707358,-0.7823903478336344,-0.5924501107314193,0.013264701053722152,-0.32837207856296885,0.8297367557045687,-1.6063100219022444,-1.7347994272777616,-0.4316641187717603,1.2963012104593894,-0.5417038370542702,0.04469202624122213,0.10309250536071385,-0.36692333349964196
